2e4c5b9d-e01d-4883-8f41-0ae28703793f;2024-02-24 15:55:13.459371
dd46738a-a986-45a4-afa8-d070fd3124e0;2024-02-24 15:55:21.169436
6c26eb46-ec69-472e-9fa5-fcfaae16b4bc;2024-02-24 15:55:23.004810
95214a6b-fe44-4e16-897d-e69987872b3a;2024-02-24 15:55:23.569116
df5d53f9-ac70-4dc1-b5c9-73b082272e65;2024-02-24 15:55:23.962218
da73a34f-63ef-4927-b71e-5e0ead789ca3;2024-02-24 15:55:24.963276
f16dd283-b59a-4cf6-b554-41e8eddec59a;2024-02-24 15:55:26.747076
a20ee9dd-0ae4-43b4-8937-8934ca09dc3e;2024-02-24 15:55:27.376428
e225fb0a-47b4-4d5d-8f02-e4329c1d7971;2024-02-24 15:55:28.018734
7b3cc15b-fb94-42ee-bfe1-3cf8636b63d2;2024-02-24 16:07:16.176831
dc204029-523c-45c6-9853-8a67d8691280;2024-02-24 16:10:27.512823
a1677d43-3215-47f3-a23e-a7545a28d13e;2024-02-25 11:38:52.426503
4c393d11-3713-450a-b0a9-fad04789389a;2024-02-25 11:38:52.450914
018a9235-793e-4ba9-ba1c-7c68a4674db2;2024-02-25 11:38:52.480285
cd504403-5ee7-4b1a-a1a3-d2ad56ab303c;2024-02-25 11:38:52.513336
c2c088f0-06f3-42d5-b1ac-3d43af237d41;2024-02-25 11:38:52.545708
4c9b052f-bd81-4dcd-9d68-bcad74dd248a;2024-02-25 11:38:52.569661
deaf17a8-b9bb-480a-b6f6-3a3592504360;2024-02-25 11:38:52.594301
fd385dbb-8bc9-4d41-b393-35ae2797a840;2024-02-25 11:38:52.617860
8bf0989c-1afd-4698-8e3d-f6c4ce7835f5;2024-02-25 11:38:52.640855
4a6c3b9e-4133-4f92-a3a8-5e14a5766bd6;2024-02-25 11:38:52.662052
bf74c6a0-4cbe-4f7a-a6be-7f5dedb15f99;2024-02-25 11:38:52.685215
b4b5ab1c-60e7-457a-885d-b6ef75db1b70;2024-02-25 11:38:52.732335
f6610a7e-0f20-4cf2-9bec-508299891e04;2024-02-25 11:38:52.771674
3bdba7a4-8dcc-4c4a-be35-cba4b4e315bc;2024-02-25 11:38:52.802260
30da088c-5aea-4792-8400-90bfa14e3398;2024-02-25 11:38:52.832749
92d31330-0645-4eab-8eaa-c0c67f7fc81a;2024-02-25 11:38:52.861556
dbd6212a-a886-4788-aa42-a7fcecb9a8a0;2024-02-25 11:38:52.884535
8c49be49-d47d-4c9b-a263-cfcff21138fb;2024-02-25 11:38:52.906129
306188fc-00f6-4285-b646-45f0cbf3fea0;2024-02-25 11:38:52.928180
c11c9190-d856-46a3-a6b4-3e1af707fe6e;2024-02-25 11:38:52.950042
6148b00c-c76d-4688-83e3-9d3943dee749;2024-02-25 11:38:52.970644
730d8ddb-fdd4-496d-90eb-d3ca512d2a14;2024-02-25 11:38:52.992175
bd75c286-a1cd-4546-99d5-5a34012d54ed;2024-02-25 11:38:53.015994
40d45dd6-4ac6-4f93-8825-3e32c957c1a4;2024-02-25 11:38:53.036815
dd0128f3-5a14-4925-87c9-f06c7d82c4ff;2024-02-25 11:38:53.059730
8c37c8ce-60d4-4669-b496-d40e854c7619;2024-02-25 11:38:53.082387
5028bcef-90aa-483e-bf41-e5948230c9db;2024-02-25 11:38:53.103705
a965effc-b388-4874-bd02-286c7a78fd67;2024-02-25 11:38:53.124976
aeba2d9a-6d2b-4d39-97a6-ecd2e0d25dd7;2024-02-25 11:38:53.146198
8f6ff98d-9b06-4458-a01f-c0778a09acc2;2024-02-25 11:38:53.167260
1676bb91-0c2f-482c-b82d-087a35a16be3;2024-02-25 11:38:53.188163
cfc5a34a-0825-49b7-915e-beb04cc42463;2024-02-25 11:38:53.210128
a93c2f96-5b52-46bf-bc38-f43f84084cf5;2024-02-25 11:38:53.231629
9dabbd88-bfad-4f0e-9615-dcbb615238b8;2024-02-25 11:38:53.257623
0c87b792-e0e3-4f5a-a7eb-406d0aa51268;2024-02-25 11:38:53.280184
b59307c0-c761-43c1-ab65-462ec7e05bd5;2024-02-25 11:38:53.301444
d3758630-7870-4e1e-af53-07f5afd7566c;2024-02-25 11:38:53.322652
45d2c64a-82ee-43ba-bbfd-965c7c7f162f;2024-02-25 11:38:53.344624
c571a3e3-b507-4e9c-b6c1-b126f7c806cc;2024-02-25 11:38:53.367491
34f236d1-879c-44dd-b459-a16b3ba106a0;2024-02-25 11:38:53.389477
3559480a-f62c-4723-8a5d-80c3bbc52d48;2024-02-25 11:38:53.410440
e770c476-5ece-4249-a63d-cf2e26fcdf21;2024-02-25 11:38:53.431826
dccb28eb-303b-4601-8f31-6682ed88559c;2024-02-25 11:38:53.453665
3f1fd8cd-cdab-4bce-801f-d847f8fd08b8;2024-02-25 11:38:53.474403
d26c036a-7b6e-444f-893f-e394de45612d;2024-02-25 11:38:53.494412
43cf151b-3103-4ded-9dd2-1563f35aab93;2024-02-25 11:38:53.519589
b5b12ec9-e4a5-4544-8b99-b75a99ce00e0;2024-02-25 11:38:53.540690
54615ca1-5b44-43b3-84c4-6e174c2de3ad;2024-02-25 11:38:53.562197
38865fee-3ca6-491f-b75b-2f6ce74ba89f;2024-02-25 11:38:53.591029
9129845a-d14f-4c66-a95b-81a83f4e920d;2024-02-25 11:38:53.615533
85c0b33d-a63f-433a-be86-b12f85eb4218;2024-02-25 11:38:53.642304
e072c41b-23dc-48a7-8e95-714a53b78b07;2024-02-25 11:38:53.674660
8d699517-e733-4018-bd59-d69b6080dc23;2024-02-25 11:38:53.709533
d9aed6a5-1a26-4b3c-8459-73721f795628;2024-02-25 11:38:53.738952
d55421fb-3381-4405-a349-243aea05ad40;2024-02-25 11:38:53.775272
de079b34-ddd5-4f67-ac6f-b2b78767a079;2024-02-25 11:38:53.808629
b705496f-f47b-4d2b-8c3e-05ca259a89d2;2024-02-25 11:38:53.832999
3cd31127-f3f9-456f-bee8-1f3a6de68fce;2024-02-25 11:38:53.860601
bf246231-8bc1-4ce1-83c2-580aebffa158;2024-02-25 11:38:53.884696
091e35a7-ffce-40c1-b7f6-f603dc1f3a75;2024-02-25 11:38:53.907604
c4ec3a5c-b121-4553-9c81-435d5dde7d02;2024-02-25 11:38:53.929518
09b2e8ef-8323-4b71-8bc7-b979ca4437fe;2024-02-25 11:38:53.952423
0aa4fb15-78ab-481e-9579-3aa0c52aec33;2024-02-25 11:38:53.974535
27d8bbfa-a5a9-4056-a8e9-6143e55c6a27;2024-02-25 11:38:53.996969
6f3ec5fc-37e2-4e13-ad0f-a66d89fcb7b8;2024-02-25 11:38:54.019354
2971d716-02a7-4062-9f04-71645838e9e6;2024-02-25 11:38:54.042380
7aff55d1-9dcd-4999-9d80-c20736a9874a;2024-02-25 11:38:54.064708
0fca00ee-3ef7-4642-b9c4-10fe434ba267;2024-02-25 11:38:54.087240
442a0df2-0f5c-46e8-a8d4-d75a6df32bf7;2024-02-25 11:38:54.108282
d2a0e822-f090-41e9-9e0f-a07fe532423e;2024-02-25 11:38:54.130497
c5c4a83f-60ba-40b4-a098-bf3e849837a8;2024-02-25 11:38:54.152800
efdf68d1-865b-4daa-8c8e-3245900f0bd5;2024-02-25 11:38:54.174448
3779d6f3-ec16-4d9e-a162-8af88eb7fc9a;2024-02-25 11:38:54.195572
2bf4c369-0afe-4ce2-917b-ded98014189c;2024-02-25 11:38:54.217248
b7c4c0e8-bda4-4642-b899-072ebed1b0d8;2024-02-25 11:38:54.238710
72f6ea21-e673-4c73-bd7e-09d012ff688a;2024-02-25 11:38:54.259151
379229a4-3b02-41f3-ac40-9d8a82ba9fe9;2024-02-25 11:38:54.286001
4fa3b5fc-ba8e-4775-bb76-cc6aff7a3c88;2024-02-25 11:38:54.308462
4d036625-8f9a-4035-b32e-c4375f800284;2024-02-25 11:38:54.331410
c8e07bf0-cfb0-45f8-8993-0e1dbe0f4829;2024-02-25 11:38:54.353430
41c7964b-bfaa-4498-8996-ab0ae0cf124f;2024-02-25 11:38:54.374752
08c845f2-3b63-46d5-b286-b6ab98ff2d11;2024-02-25 11:38:54.399061
a2352e7d-e8d9-4bb9-9cdb-63a8fb55afd3;2024-02-25 11:38:54.420387
da62397d-e4d8-49de-98ba-689f9e896efc;2024-02-25 11:38:54.442391
f7c78f09-e63a-438c-add7-c0a0bfcd6ce4;2024-02-25 11:38:54.464088
d0b4614a-4159-4a73-8ab4-15ed131fedbf;2024-02-25 11:38:54.484484
bb991531-0cb4-4bf1-acf0-b1e2f9cceb7d;2024-02-25 11:38:54.506631
ef49b3b4-6850-4497-8c27-758a7ac866c7;2024-02-25 11:38:54.527398
16cc92a0-0429-4813-b7e5-2a4e26cd8f82;2024-02-25 11:38:54.549155
8c0c8718-3e35-47ed-beee-7f9df75a281e;2024-02-25 11:38:54.572398
2eb1da50-f9de-4588-84b5-b91be8c05013;2024-02-25 11:38:54.595653
eb7b3156-d5b4-455d-94dc-3435eed68e5e;2024-02-25 11:38:54.618120
c12c8134-0f31-46c5-a8b7-1a6af9929080;2024-02-25 11:38:54.639777
1af9a37f-0b72-4a0f-a8b6-41f8d8fef7eb;2024-02-25 11:38:54.661132
e47bdaca-6f99-4eba-be68-01c94d31df8e;2024-02-25 11:38:54.683606
5832f413-ab9c-4ca8-a29e-1dc895f0c6a8;2024-02-25 11:38:54.707146
dd383020-d30d-44dd-8d2a-c7222a69b838;2024-02-25 11:38:54.734263
1ffc439c-a10e-453d-9da4-964c50110288;2024-02-25 11:38:54.766780
a2b3324e-f118-41db-8113-4579e589ddc8;2024-02-25 11:38:54.792391
16481d25-d33d-497b-b3d7-25ee03bbf59f;2024-02-25 11:38:54.818522
34dd57f9-788e-4a1b-bfaa-2c70f989f2bf;2024-02-25 11:38:54.842453
3c1837c2-bb7d-4b25-a7a6-fdad2be65077;2024-02-25 11:38:54.867119
6e479a8a-6243-481d-8a2c-80b8a8d6c010;2024-02-25 11:38:54.890385
ac0cae6c-ffaf-4d9a-b7e0-2a5f752961e7;2024-02-25 11:38:54.917471
5b67a3d2-0c10-443a-a8d5-5e20a3971712;2024-02-25 11:38:54.941444
e2a4230a-2868-42ef-b710-255b84834dcd;2024-02-25 11:38:54.966794
f9397a7d-36a5-49f5-ac8c-6856ef95e670;2024-02-25 11:38:54.997169
c758dae1-6dd4-469d-8a80-2f30a767ba75;2024-02-25 11:38:55.027727
aca23e0a-6289-440f-b4be-801fe808d8e6;2024-02-25 11:38:55.058292
d151b609-0836-4499-961e-a4088e7ad0d8;2024-02-25 11:38:55.085322
6919fbcf-71a2-4f40-b676-cbee436c7446;2024-02-25 11:38:55.106917
72728ca5-d7b5-4f46-938e-d3126d8a9763;2024-02-25 11:38:55.129590
c9bade7a-b811-4832-aac4-9150e20c21cd;2024-02-25 11:38:55.152349
9b56bd81-b894-4001-9758-388068e4b583;2024-02-25 11:38:55.176523
48a3ce00-1d79-485f-aad6-607a4a6292f6;2024-02-25 11:38:55.198303
97005e5f-444f-4065-925e-0db46c4d99cc;2024-02-25 11:38:55.222400
43e6c5fc-c673-400a-bb16-8a30c309b3aa;2024-02-25 11:38:55.251102
7fb3e82d-51c8-42b9-9dda-3393dc821a0f;2024-02-25 11:38:55.288101
af638906-eeb3-4a42-a0b8-06080f01eba1;2024-02-25 11:38:55.319406
e34c488d-aeb8-4c3b-8315-fe0f04e83e3b;2024-02-25 11:38:55.346557
821563e1-8050-4cd7-9531-639bcc3b3f2f;2024-02-25 11:38:55.368228
bac0b3d5-1922-4c78-8b66-9de6230583fb;2024-02-25 11:38:55.388934
74a9340b-28bd-4ad8-a0a8-bf2f81ac5a5d;2024-02-25 11:38:55.412558
15b02bc2-cec8-45bd-abc2-2b5e2698c181;2024-02-25 11:38:55.431808
798c6b5b-281f-449f-95c6-fef3a94da7c1;2024-02-25 11:38:55.451727
998fafc2-76d6-4c75-878c-22934afbd507;2024-02-25 11:38:55.471900
90f5129c-e4ed-42ac-abe2-d304e7bb8b7e;2024-02-25 11:38:55.493019
fab9232c-4086-4a57-a922-84c7012e2a59;2024-02-25 11:38:55.514602
185367e9-0e81-4569-8e43-833b5d4568ee;2024-02-25 11:38:55.538988
fbb34113-95e2-4c46-a553-fba3a00c9cef;2024-02-25 11:38:55.568701
64c497b7-7231-4cae-8221-f2764d0018d6;2024-02-25 11:38:55.598715
1d0b5c9b-9a19-4627-878a-2a0dff543589;2024-02-25 11:38:55.627407
2d643043-e99b-441f-8a06-e85d22f404bd;2024-02-25 11:38:55.657609
5a65b430-8c33-4e40-a86c-7be29c87b74d;2024-02-25 11:38:55.681090
c75fdfaa-6067-4cfe-8346-dc6325ce20ba;2024-02-25 11:38:55.701943
600ed1dd-7e7a-4afa-a82c-1d5643627d6f;2024-02-25 11:38:55.724904
d5a6b3dc-00e2-42ee-bd6e-d387c12cb86a;2024-02-25 11:38:55.747274
8a9ea62d-f7ea-4151-afc8-fc23bbc28a29;2024-02-25 11:38:55.768382
b95096a3-4be3-4eed-a44f-110407b005a0;2024-02-25 11:38:55.791102
1b895073-a144-4198-83bf-e8e72e22b3d8;2024-02-25 11:38:55.815727
c29edf9b-3ee4-4580-997c-489499e4bed5;2024-02-25 11:38:55.843864
a1e12357-a06a-40dc-a425-d0e2b54b9c09;2024-02-25 11:38:55.866873
4ad58151-8233-4d89-a61e-5e8ae4356851;2024-02-25 11:38:55.889275
dfea3581-569c-4b21-9009-e8b11dfc5f8e;2024-02-25 11:38:55.915371
c5aced78-1b2d-44fc-bdda-24d9fa8e8fa4;2024-02-25 11:38:55.936127
b0bb0c62-ccf9-4894-b43d-4b775eae4ea3;2024-02-25 11:38:55.964754
7d2394c3-866a-445b-8b70-dd1d213659c5;2024-02-25 11:38:55.988879
222be042-9b95-459b-afec-83dd947ed785;2024-02-25 11:38:56.012605
f487dde1-38ff-4423-a1a8-ff97eeba65e8;2024-02-25 11:38:56.032782
44130043-acd4-42bf-918b-c2173896c187;2024-02-25 11:38:56.055261
e3b4e1e6-680d-446d-b920-9032980014e8;2024-02-25 11:38:56.076468
ad41ab0a-f0a0-4070-81c6-961043958720;2024-02-25 11:38:56.096590
9e01462e-8f5b-456e-aff9-1eb0646f697b;2024-02-25 11:38:56.117525
27ca3dc5-6cf1-4704-afa2-817c093b7bf7;2024-02-25 11:38:56.139013
c5116590-e479-4634-ad10-31067a768113;2024-02-25 11:38:56.159322
1a9149f0-9f1a-43f6-b9bc-1bcc9d1d2d4f;2024-02-25 11:38:56.179294
9c81a917-1918-47f6-89cc-9dd0b67b280b;2024-02-25 11:38:56.198864
918a634f-87cc-4334-ae1d-be16b0b76b00;2024-02-25 11:38:56.219247
aad0cc2e-b82d-46b3-aa8b-299282a51894;2024-02-25 11:38:56.241365
0e356ea6-48dd-48a6-af7b-8a7410773c11;2024-02-25 11:38:56.263348
9a43b9bb-a01b-47b1-9721-7cbe6747a9e0;2024-02-25 11:38:56.287065
d69c7daa-a77b-4993-8ee0-4ff2e0256d08;2024-02-25 11:38:56.308682
851cd9cd-ebfa-4862-93fb-08de37363b46;2024-02-25 11:38:56.332175
a1be883d-d8d6-469f-81bc-fb7c57b7f1d1;2024-02-25 11:38:56.352530
576cdfd2-ec6c-4b06-a825-aa2970248545;2024-02-25 11:38:56.372203
5e7502e7-6ca0-4e67-89b5-60308526fa12;2024-02-25 11:38:56.395725
636b2aba-e7ec-4337-bd86-b0ce94f24bc7;2024-02-25 11:38:56.417400
38d6e2d8-5af6-4e21-a680-776ebdc7f979;2024-02-25 11:38:56.438482
62cce25f-ef17-4a39-98d6-ef8de4b30156;2024-02-25 11:38:56.458926
2aa70605-a41d-4d1c-95ba-1fb2ba4f877d;2024-02-25 11:38:56.481750
e5292673-cfd6-45e1-bbe8-4d5177791246;2024-02-25 11:38:56.506294
590ef841-11d3-401d-8a0b-0136a067913c;2024-02-25 11:38:56.537193
719ceb00-e798-4df5-bdaf-6c6825dd3863;2024-02-25 11:38:56.593538
49e55281-1cd0-4737-a99f-5b3d0dfcaecc;2024-02-25 11:38:56.625263
fc9af4fa-6dd8-45f7-af86-1413a54321f0;2024-02-25 11:38:56.650297
6e7cc06b-04d4-421c-91dc-df2da88629fc;2024-02-25 11:38:56.679637
9287c6fe-7d52-4c55-aebd-88cbc90f0983;2024-02-25 11:38:56.703056
a4273dd5-d304-4bb0-99eb-1d52786c0b4b;2024-02-25 11:38:56.721978
cdcfc275-388c-4f3b-8449-a4da57abdc30;2024-02-25 11:38:56.744826
efac715f-276b-4ef5-a0a1-846d1238798e;2024-02-25 11:38:56.774796
31dc89b5-b334-424a-bf18-bbde99c58fe4;2024-02-25 11:38:56.804661
c377ee7f-5f91-407d-8b63-5a3181ec90a1;2024-02-25 11:38:56.841962
3706009b-034a-4b61-8005-8f5941983b4c;2024-02-25 11:38:56.881191
f60199f6-47eb-4cf6-8123-0b7f743b60cc;2024-02-25 11:38:56.916724
a864be20-6096-46d8-8f32-c53562670968;2024-02-25 11:38:56.949769
ec25aa59-e146-4b7a-852f-77dbe2facce1;2024-02-25 11:38:56.980836
b311f305-ce3c-4773-956c-f1edceeb72e1;2024-02-25 11:38:57.007211
b8afaa06-b760-4d3e-b2d2-b22aa575afe0;2024-02-25 11:38:57.030875
9ff44044-19af-41ff-bade-fdf7e1a56405;2024-02-25 11:38:57.056354
24acf110-c3cb-405c-9dbd-3e0d7837e9df;2024-02-25 11:38:57.083350
6e1fd0d9-a9c0-4b11-8b5e-739bdf282422;2024-02-25 11:38:57.107845
c613cff2-b454-49c7-bb0c-1e08e49aa52b;2024-02-25 11:38:57.132538
033e34c5-d01f-4b3c-90ae-2b782cb986f8;2024-02-25 11:38:57.158037
8e99fb3b-61f4-442e-8e56-249dd9a5a787;2024-02-25 11:38:57.184549
2782bf8e-61f3-4978-96a7-7ef9a9c5dd10;2024-02-25 11:38:57.213894
0eaa516d-0451-4128-baf6-c2aadade77a1;2024-02-25 11:38:57.253465
16079986-76a6-44da-969c-9f0f3424fc80;2024-02-25 11:38:57.287595
3fd7f87a-50a1-4dff-9751-80321271a59b;2024-02-25 11:38:57.318516
69eb4655-a144-42be-bc82-2511da161378;2024-02-25 11:38:57.344600
5734a6b6-80ab-4ebf-a878-16e6c2a1594b;2024-02-25 11:38:57.372368
6863e972-44a7-4249-948f-9f8055b30e3a;2024-02-25 11:38:57.399223
897673f5-a011-4ab2-94f6-eb636e71ed22;2024-02-25 11:38:57.423147
fb89b406-8b03-4d8c-afbc-bed8f4162b55;2024-02-25 11:38:57.455583
ea250038-1aaf-453f-bbbc-b2e0352bdc41;2024-02-25 11:38:57.485147
2d625dce-1461-4076-a8f2-8bedf174d09c;2024-02-25 11:38:57.498092
a7078bc7-d127-4047-bd4e-17509557d1b6;2024-02-25 11:38:57.529707
b0ced493-1b49-4183-8352-b2a3868353b5;2024-02-25 11:38:57.557871
5ab9dffd-469c-41c1-b0e5-47dcaa2f2153;2024-02-25 11:38:57.590785
e6fdaf5b-ce2b-40b2-a11f-e4ff87d0a49d;2024-02-25 11:38:57.619414
a55577ba-7782-45ef-903e-a6cdeeefac11;2024-02-25 11:38:57.649429
fa9b05c0-7189-44e3-b9a3-a6fdcf606d74;2024-02-25 11:38:57.680915
ea2ef48b-00fc-46f6-8275-21e0d3b8d7e4;2024-02-25 11:38:57.703218
55bf1d2d-322b-4d28-867f-b29877b96b65;2024-02-25 11:38:57.724716
a70ebc56-6a61-40cf-9997-82b93eb9037f;2024-02-25 11:38:57.747259
4ca07819-4cd1-4571-a4f9-ce1b78f04c67;2024-02-25 11:38:57.770371
e5d89e19-5c27-4e61-b7bf-9ba9db3995e4;2024-02-25 11:38:57.790949
6a607828-d352-420f-9829-37cbba6d90ce;2024-02-25 11:38:57.814794
416289d9-8646-4630-8b3c-15d443e0e74f;2024-02-25 11:38:57.837830
fc34506a-7d50-4fa1-ac84-417a8ceeea64;2024-02-25 11:38:57.860707
62320b79-2161-4ce5-a4a6-280fdfd35de0;2024-02-25 11:38:57.884612
4d065a92-6089-4db6-a172-3a31ef53db43;2024-02-25 11:38:57.906771
b7ad4d6f-9b56-4f01-8715-bbad3750873c;2024-02-25 11:38:57.927854
15d26fee-4044-4915-866e-4a29a99e307f;2024-02-25 11:38:57.949759
0c63896e-208b-4671-a1c6-ec3e75abc14b;2024-02-25 11:38:57.974113
ab07d0ae-5ed5-42fb-b8c9-a36ee8a5e5f7;2024-02-25 11:38:57.996552
93989c9b-6d80-4e04-802d-ae0812d0c24e;2024-02-25 11:38:58.019275
902688ac-fd27-4637-93ad-ed2d0f63b75a;2024-02-25 11:38:58.042725
78371d54-a1be-4cd9-9389-8f54ae43c861;2024-02-25 11:38:58.067740
22a26144-3891-41eb-944c-17b9218be25a;2024-02-25 11:38:58.091320
5db10081-27d5-4be4-9d84-41f1d02e0172;2024-02-25 11:38:58.133368
927791bd-5eb3-4599-9c0d-46fac7a1293e;2024-02-25 11:38:58.161262
c442813c-ba19-480b-88db-d321dc688256;2024-02-25 11:38:58.193253
2a3344ac-4e2b-4cde-8fc0-f999a45dfdd3;2024-02-25 11:38:58.221907
2f7e843e-4e45-4752-99c6-bcbfbc34037f;2024-02-25 11:38:58.245149
815698b7-2364-442a-82a0-7e79a576ded3;2024-02-25 11:38:58.270372
41392ce5-dc4f-4392-971a-94e8b435eaa6;2024-02-25 11:38:58.297301
90f02bd4-bd5d-4d9e-8298-27302d92252d;2024-02-25 11:38:58.321446
39984972-9bce-476c-aaba-7d2e678b4812;2024-02-25 11:38:58.344899
ea9709fd-b03b-4c51-a9e7-a282d76ea024;2024-02-25 11:38:58.366457
8a521276-e896-499b-b585-25d990bcb8f1;2024-02-25 11:38:58.387216
d295cf7c-9033-4aef-876c-51b69b63c10b;2024-02-25 11:38:58.414632
cc267981-c8d0-46ec-aa13-8d4a5801234e;2024-02-25 11:38:58.448184
66737efa-ccab-4eb0-8fa6-2285ed858db9;2024-02-25 11:38:58.472699
5b5f6aef-e9dd-4e2a-9ee8-58f24bc72902;2024-02-25 11:38:58.492272
61b43fa6-719c-4c68-8427-5e656a0e404e;2024-02-25 11:38:58.516492
e83198f9-e386-40e3-8a3e-680cae9509df;2024-02-25 11:38:58.545281
7b6353b1-4501-422d-9ef3-751f1c58a780;2024-02-25 11:38:58.571848
84b75a3c-8280-4904-b378-6747b8138a3f;2024-02-25 11:38:58.594664
39f055ec-aa0e-4791-87f7-ce05c60014b0;2024-02-25 11:38:58.614827
d118d304-5e62-4fc5-b87c-ca5928982ef2;2024-02-25 11:38:58.636207
f017d614-0cfc-4a84-b742-d1b42102f39b;2024-02-25 11:38:58.657001
4a20ec86-5ae5-41cb-9d7f-a3087b8e6785;2024-02-25 11:38:58.686749
c29e5f2b-cfa6-4e10-80ba-c352c002a355;2024-02-25 11:38:58.715347
450c99eb-5627-4e90-9391-b2c63c702261;2024-02-25 11:38:58.738891
e2d7bb82-820c-46b5-be10-4b589360024a;2024-02-25 11:38:58.764195
bd218e26-3826-4a63-b67f-997a0fb38a9a;2024-02-25 11:38:58.790563
4c9bfa19-8d1c-47d9-8b08-21d147ae18f0;2024-02-25 11:38:58.814379
18be7a12-3c27-490e-baa4-6acd90c756bb;2024-02-25 11:38:58.836543
6da7beab-7cb2-4e30-9954-496ebdc5d219;2024-02-25 11:38:58.857795
6c21dbd5-ce10-404e-ac57-222b0c080881;2024-02-25 11:38:58.880497
2e9e56c0-1607-40c6-bcd9-94d7116cec58;2024-02-25 11:38:58.905223
a94a5cc0-c1c2-4a50-8b74-015bc68fcd9b;2024-02-25 11:38:58.927092
dd599de6-7d67-4f85-a056-29da7901af4f;2024-02-25 11:38:58.948247
10a6bd0a-0bee-475f-aa1e-82d0b95d0845;2024-02-25 11:38:58.969411
2d3f60b4-50f8-46e6-bb19-8e9f4b697de7;2024-02-25 11:38:58.988281
b8c09661-290f-4738-aeac-d1446cb51224;2024-02-25 11:38:59.008741
c53b113e-597d-43c2-84dd-157a4bf3de63;2024-02-25 11:38:59.029086
731badbe-78d7-4645-9ba5-e08aed6ae1cb;2024-02-25 11:38:59.049814
2ef00b44-1ef4-4565-81e1-a0c5507e21a0;2024-02-25 11:38:59.070467
5c254ffd-322c-4d21-87de-93931dc1eda3;2024-02-25 11:38:59.092978
08258704-6c87-4c5f-8e8a-e55610432694;2024-02-25 11:38:59.115884
20c037c1-1460-4969-ac1a-0284bced598c;2024-02-25 11:38:59.139890
e397194b-a0fb-4678-b5b3-6b6ce47a667d;2024-02-25 11:38:59.162887
2edb974a-ca5a-473c-a57c-6b84f2b07a1f;2024-02-25 11:38:59.186566
937da8ce-befe-444b-b6dc-268f169aaeb4;2024-02-25 11:38:59.209006
f65ac158-1f9c-4ce9-b03d-ef120cfd8c38;2024-02-25 11:38:59.231685
87e127e8-1367-4bba-b162-9723612bfdc8;2024-02-25 11:38:59.257776
43375d54-a2a9-4628-bc45-a645d07a5280;2024-02-25 11:38:59.286901
dad711b1-09d2-4226-ba7e-9652feef4246;2024-02-25 11:38:59.312195
499c897b-99f9-4db0-a4e4-dff872d7b5d1;2024-02-25 11:38:59.336963
5219d7d2-5402-4607-aed3-e7f4939cfe72;2024-02-25 11:38:59.356600
28992b15-527a-46c6-b8a9-f4aa13039b05;2024-02-25 11:38:59.378464
22ea5601-b4d1-4bb1-8e4b-91b2ce68b700;2024-02-25 11:38:59.399727
76524594-cda5-4a2a-ba37-ea3f5facb04b;2024-02-25 11:38:59.424540
5dc6aa93-0b0e-4519-8a10-684724edf051;2024-02-25 11:38:59.453349
3150fbdc-301d-4b32-ac6f-92c893b87bed;2024-02-25 11:38:59.486077
d4290ecb-2ca7-497f-987d-8cae59f27977;2024-02-25 11:38:59.527917
e58e9d11-f7c0-452d-83d3-a6dfa1207051;2024-02-25 11:38:59.558725
931a0593-1d79-4326-9eff-6f3f0a7bd571;2024-02-25 11:38:59.582285
4d404406-7ff5-4c0f-a7f0-c7dc70836387;2024-02-25 11:38:59.604166
4944c805-dca1-44d1-b490-8f52ac032b86;2024-02-25 11:38:59.625964
13fc3e07-435a-488d-925e-13c457dcd14d;2024-02-25 11:38:59.648841
86f7a78d-a792-4f24-879e-e06c3ca7ba80;2024-02-25 11:38:59.670394
2530a2f2-96c0-4581-8da5-1ffe70b61b01;2024-02-25 11:38:59.692914
a05e1c49-dcd7-416b-850a-3a4bd9e0a217;2024-02-25 11:38:59.718904
3b3a16b6-e964-49e1-9ccb-e544cc7413e7;2024-02-25 11:38:59.742687
444d1640-fb28-4b8c-9f8b-13eb4bef9369;2024-02-25 11:38:59.765149
6260a9e9-3c0f-4046-9b82-1e07a64aa704;2024-02-25 11:38:59.787645
f227b5dd-417f-4ac9-b00f-1e8245c1c8f4;2024-02-25 11:38:59.810030
d119711d-5a38-4c66-b75e-f9f6374e8dc0;2024-02-25 11:38:59.831674
2006a771-b2dd-4809-b40c-401bb60813fa;2024-02-25 11:38:59.853616
c4b5171b-8ed4-4c63-ad9e-07bde3f5a748;2024-02-25 11:38:59.875711
a0067552-d808-477c-87a6-12ec36c0c5e1;2024-02-25 11:38:59.897333
952ce820-8926-4b99-b3a2-e61ad090a75c;2024-02-25 11:38:59.921047
2fc15b28-b8dd-4d75-81a2-03493450c57c;2024-02-25 11:38:59.945825
d0106081-0a9a-42a1-a94f-4742c305bb31;2024-02-25 11:38:59.967936
0091206b-66e3-4a88-be7d-8116b63eb944;2024-02-25 11:38:59.991034
259aac65-f59d-4433-81be-9c872a476621;2024-02-25 11:39:00.012650
b35dec20-4c0a-43ed-b4ac-bb26a93a0bdb;2024-02-25 11:39:00.038280
50135e6d-0ee7-4b81-b340-23dd7ee24576;2024-02-25 11:39:00.059788
725e3a8c-8f95-48e9-857b-98c7fb505494;2024-02-25 11:39:00.082828
3ddb568c-543c-4e0e-8681-955e49fc9aef;2024-02-25 11:39:00.108396
1e200116-88f7-428d-88dd-259677b07569;2024-02-25 11:39:00.136968
f4ab0a04-412a-4650-ade3-66bb1310ee10;2024-02-25 11:39:00.165505
f5f91e4d-7b33-4913-894e-409c3635307d;2024-02-25 11:39:00.198426
88420a56-ea4f-416d-b96d-5d47d84bedf7;2024-02-25 11:39:00.222036
7d939097-a66a-4116-9971-52e58ddaab36;2024-02-25 11:39:00.247716
d91fda5f-461c-42a9-bc51-dea8719c6038;2024-02-25 11:39:00.273111
d5645066-6d89-44e9-9c62-418d8d046222;2024-02-25 11:39:00.306398
7e2572b7-0af0-47c0-b343-6300a105f28c;2024-02-25 11:39:00.336273
b37beba5-7dfc-4388-a447-02ae87de986a;2024-02-25 11:39:00.376610
3e7408b9-f1cd-4605-8481-0a0816c7ffed;2024-02-25 11:39:00.412792
721c0c91-7f1f-4341-95a9-bd0614e7c7c0;2024-02-25 11:39:00.441595
fadd4f15-dad5-4918-a7cd-538570ae2cbf;2024-02-25 11:39:00.468054
df7b5ced-15cd-4bce-b16c-c6e9bd034f44;2024-02-25 11:39:00.494337
53cc33d4-b8f0-4f9f-a3a1-76106b84169f;2024-02-25 11:39:00.516372
7083f4c6-ddf7-42c1-82cf-3e9d942ccdc0;2024-02-25 11:39:00.539010
fe22c71c-98e2-4a61-8602-e00bddde76d9;2024-02-25 11:39:00.560719
9290b555-3765-442e-989b-91d2089333dd;2024-02-25 11:39:00.580119
48b9a75f-1179-49f2-8896-33d37f9ed95b;2024-02-25 11:39:00.600934
bac1dbba-1bb9-4370-9d3d-a9bfb9040580;2024-02-25 11:39:00.621234
3b3dc92f-c2a4-4dcf-8c10-cafa08bdf2da;2024-02-25 11:39:00.643839
a452f871-82d1-4c7c-82cc-de30167bcefb;2024-02-25 11:39:00.667268
36c26073-082b-4f1e-a3e5-18245e6a1245;2024-02-25 11:39:00.688737
96d6d8de-dd15-4f8b-8d61-48373ad9b6ea;2024-02-25 11:39:00.712641
23d8554a-77e6-4c3f-8030-026439f39a23;2024-02-25 11:39:00.734458
1b18ae70-d90e-470e-8156-840120159d02;2024-02-25 11:39:00.755545
3ff662f0-d182-4ef0-9570-3282ebf84e41;2024-02-25 11:39:00.777640
5a375106-f39b-4c76-89b8-70b5a2a5e47e;2024-02-25 11:39:00.798251
5dac3370-367f-48ab-bd9a-036a9475b14a;2024-02-25 11:39:00.819504
89412be1-5c62-4b28-82eb-5155d6cccb78;2024-02-25 11:39:00.842014
7df4fb98-84e8-4f8f-8bbe-31ca4bf6cb99;2024-02-25 11:39:00.863379
3e3a6b9a-87c2-478e-8713-cb18939b6ed1;2024-02-25 11:39:00.884557
02e3a899-a210-4e10-81b7-c4b2e0d3c7ad;2024-02-25 11:39:00.907087
00c34d86-9737-4da7-b39d-79a4898dd58c;2024-02-25 11:39:00.927652
135934d4-8a48-4b7d-a888-c3bf114b12ce;2024-02-25 11:39:00.949250
c6903e8e-119a-4177-9b47-be119c1cdbc1;2024-02-25 11:39:00.971921
01a855ce-ce9f-4855-a90c-edd854316f27;2024-02-25 11:39:00.992739
1f2ca430-4dfb-4d92-b335-2ff68a389742;2024-02-25 11:39:01.013916
0b6450e5-793e-445d-93ab-a3e82f2cb8ba;2024-02-25 11:39:01.036073
30681fc6-cac6-4af3-88d8-995061f7cd78;2024-02-25 11:39:01.058921
6c2c4e8d-f973-4a22-9dd6-1bc855490dcf;2024-02-25 11:39:01.083322
c3413383-82b6-4f15-bd9a-920dad675f35;2024-02-25 11:39:01.106289
a750caa5-1a55-4972-a51b-33ce37396ad9;2024-02-25 11:39:01.128663
432fe603-3db4-4642-a263-b709c5fcc0c6;2024-02-25 11:39:01.153020
213b1b96-09f4-45b9-ba68-f5eb5497049c;2024-02-25 11:39:01.176480
36e15012-cf65-4244-b473-9eb403840236;2024-02-25 11:39:01.202322
19068de9-fdb5-496b-b95a-b5280d7b6a7c;2024-02-25 11:39:01.224652
e34e069b-a06c-4498-a95c-24ed0945d754;2024-02-25 11:39:01.245839
3db7e2b3-f904-453d-9d4a-ebf382e06248;2024-02-25 11:39:01.266302
19f87c69-d9c3-405c-b114-ccaf458582d2;2024-02-25 11:39:01.289596
3aebcd78-cf6a-4b26-aa4b-97aff6c0858d;2024-02-25 11:39:01.322646
4a7c0237-b9c4-4ba1-a15a-dc38bbecc2a3;2024-02-25 11:39:01.348795
e0745149-9435-4b9d-8ef0-6487ce04d0f9;2024-02-25 11:39:01.374426
e7eead3b-c971-48ad-a46e-2d7de6572c5e;2024-02-25 11:39:01.398156
358a4524-292d-43cc-8620-328e9ed04832;2024-02-25 11:39:01.421396
ecda8ee9-e4f2-4c39-9e32-19032ad65ce9;2024-02-25 11:39:01.448386
8f9ec088-490d-438a-b116-4f2ae2f501df;2024-02-25 11:39:01.477510
45d73bf4-4de2-42d2-b128-02117492f521;2024-02-25 11:39:01.501755
5f775665-8f8c-409c-8246-8e158b969de7;2024-02-25 11:39:01.523565
00fabd78-2f22-4d1e-944b-6896c21451e6;2024-02-25 11:39:01.548669
592d93cb-1c5d-4cdf-b669-cc20a01b25d0;2024-02-25 11:39:01.579678
8ad5a592-61e9-499f-ab45-03a67cc0a4f4;2024-02-25 11:39:01.608245
5eb8aa4d-d307-4317-9b3b-1a3cd53dcbfa;2024-02-25 11:39:01.637514
ed9b87e4-9b9b-4179-89af-67ef0e06a603;2024-02-25 11:39:01.666313
0820bb20-c7a4-4e08-a609-7b0ca5f27676;2024-02-25 11:39:01.689803
434bd340-03da-47bc-86f7-2f243c7306aa;2024-02-25 11:39:01.714714
d4165944-1852-4d48-a98b-0d2bbfdf2d72;2024-02-25 11:39:01.734022
cb275b2c-1dba-4ed3-9e55-9a65a9e0d013;2024-02-25 11:39:01.754064
aa81fe06-4713-4a16-b531-735b55d9d6e6;2024-02-25 11:39:01.776285
9d500768-b309-4a7a-8593-21d33dc08055;2024-02-25 11:39:01.798227
21236981-3451-45f7-a5cb-18e0e8a57906;2024-02-25 11:39:01.819254
79852d83-4b3f-41e0-a670-9e30754f76c2;2024-02-25 11:39:01.841972
ead95def-46cc-408a-81d2-97fc62c1da85;2024-02-25 11:39:01.862218
75bde67f-7e31-4106-89c7-569bd715ddb0;2024-02-25 11:39:01.884308
69414411-5f64-40a5-8d49-85304d031331;2024-02-25 11:39:01.906048
f92b6985-9bcc-4a7d-995a-edf856f60440;2024-02-25 11:39:01.929564
46211cb8-0021-45df-9ee3-869db8ee5064;2024-02-25 11:39:01.950572
b5edb49a-501a-4613-a0b2-3ba28bebf4fa;2024-02-25 11:39:01.974456
b0fde66b-e5b4-40d1-bb47-cbc48593c6d1;2024-02-25 11:39:01.997432
f67feedc-484e-4318-9f9e-00823af61160;2024-02-25 11:39:02.018430
87801bf9-c648-4ba2-8bcb-8e4ab55cbbc0;2024-02-25 11:39:02.040383
f81ac004-44b7-4364-af30-7b0459f9052f;2024-02-25 11:39:02.062446
4765c354-9e26-4fc7-babb-688d53c93b33;2024-02-25 11:39:02.084226
8c6a3e34-d38c-4e16-8297-2e284589e229;2024-02-25 11:39:02.107976
65f4dae4-d879-4580-b38b-8dcb19d3f00e;2024-02-25 11:39:02.130600
9ea83594-5b50-4b53-92e2-e75f02ad8447;2024-02-25 11:39:02.152342
437079e1-1eb8-43c9-a475-9fbbbb43ff38;2024-02-25 11:39:02.174584
79e6d8fb-457c-406e-a068-392d016290f2;2024-02-25 11:39:02.196747
d688eae5-aa7a-4ff4-9c05-a09fafca6a7f;2024-02-25 11:39:02.219220
15f0e46c-8a16-491d-bb03-91e8f7891efd;2024-02-25 11:39:02.242294
0bd989f6-aa07-42de-ae65-1927468e133d;2024-02-25 11:39:02.265645
187b884e-1fa3-4518-a8b1-b9b2ed5910a2;2024-02-25 11:39:02.287315
bc2d24ac-0427-4e66-afce-b444ebad7af8;2024-02-25 11:39:02.312501
c6d2e955-e3de-400a-9e0c-6d6de22578ec;2024-02-25 11:39:02.335812
7ae97ce8-48a7-44f3-9e63-b966d3d2fa7d;2024-02-25 11:39:02.358591
8b7607ff-bae8-44d4-9e0e-78397ecb161a;2024-02-25 11:39:02.380753
c1dadffe-c459-4a1b-a0c6-864c24602443;2024-02-25 11:39:02.402744
0466bfc5-7b2e-4b1a-8457-604897988263;2024-02-25 11:39:02.425177
85be1639-e00b-4f2e-a9fa-e3fe515d5278;2024-02-25 11:39:02.448001
8b7085d4-b573-4c39-a22a-412cd91424d2;2024-02-25 11:39:02.469919
9857ad27-aa87-47c4-b962-14eb3a045371;2024-02-25 11:39:02.501464
ddb1de7d-6798-4c5d-8a19-6b6f9030a1e9;2024-02-25 11:39:02.525619
2885fa0b-f042-4210-ac6e-f826093e5c52;2024-02-25 11:39:02.550412
bbd19771-4ad7-4e73-83a8-62d7ad623bf8;2024-02-25 11:39:02.582474
6cceec9f-42e6-4b97-aae8-eb6b031331c1;2024-02-25 11:39:02.619852
1b61f1ba-3e4a-41e3-a6a5-e3a87430f7c6;2024-02-25 11:39:02.656439
b49f6ca0-79be-423e-afbd-a3289a571b8c;2024-02-25 11:39:02.681492
3981eb2f-2bce-4bfb-bb08-b30f65083bbb;2024-02-25 11:39:02.704004
3a4f83a5-75b6-4bba-904d-b89f600d03e7;2024-02-25 11:39:02.729153
bc77c833-9f66-4a76-b1f3-f2bb87277ab1;2024-02-25 11:39:02.756668
1bbecc02-b02c-4efc-84af-9d0aeb102193;2024-02-25 11:39:02.786685
14fc5bcd-e70a-4a98-8441-9e552ad204b8;2024-02-25 11:39:02.809154
8c958a99-2e02-43a0-a682-5f9a76dfdfca;2024-02-25 11:39:02.833022
701584cd-33b7-4a07-a828-5965a6a5282e;2024-02-25 11:39:02.859207
c137d6c0-e436-49b7-8249-9234cff711b6;2024-02-25 11:39:02.882117
eedb19b9-ae00-41ef-a90d-84227191b24f;2024-02-25 11:39:02.903543
f141bef5-a5cf-4d78-ad95-43a63fdfa3e0;2024-02-25 11:39:02.926046
b9a6073d-9560-4aec-a60a-5cb99fe62f14;2024-02-25 11:39:02.948779
7746f515-f020-4e6a-a29f-82f2760d62ca;2024-02-25 11:39:02.970850
349f6551-a212-46f5-b60b-f97a7b895822;2024-02-25 11:39:02.996052
05e22b7e-2421-4c6d-95c2-7944257d16e4;2024-02-25 11:39:03.019755
0128484d-77e5-49fc-beed-e50aadfa2ae6;2024-02-25 11:39:03.042560
5e5e6597-ab3b-4f46-903d-b7d7b8db6982;2024-02-25 11:39:03.066062
da8bcee4-f129-4aa9-a4b9-a2e73c384e8e;2024-02-25 11:39:03.087820
3e54b044-6601-4045-b475-1bebf7507ed7;2024-02-25 11:39:03.111452
e6bdf884-73f2-4f00-bec3-cdac86997814;2024-02-25 11:39:03.134670
b5ae29cb-3809-4d53-8e31-1c0d769f8418;2024-02-25 11:39:03.158112
7a16681d-a840-4d62-b1f9-127548b93c90;2024-02-25 11:39:03.180092
0b1ba060-e2d6-4655-91c9-395980e78119;2024-02-25 11:39:03.201142
e489d5e9-15a7-4a64-9902-80632895928a;2024-02-25 11:39:03.223417
e1f1cf5f-c93a-47e3-aaea-58436b891e5b;2024-02-25 11:39:03.246692
0877aa09-00a1-4f7e-9f9a-de366efcb119;2024-02-25 11:39:03.269408
c3333d6b-fcce-4177-ba2f-385aa61eaf26;2024-02-25 11:39:03.291707
eb0ed584-6e1e-4eb4-a8b6-7156e3a27160;2024-02-25 11:39:03.315465
1f90d275-b60f-46d0-baa0-a80e7bf228ea;2024-02-25 11:39:03.336777
d57c0907-0855-4505-a269-912d526e6577;2024-02-25 11:39:03.359694
56f48d85-5739-49e5-9828-2b0a66420d11;2024-02-25 11:39:03.386355
7ff18be0-5d7f-4e33-acf3-5786f6608a2f;2024-02-25 11:39:03.418215
90ca8b78-319a-4f7a-bce2-5745f5296586;2024-02-25 11:39:03.443264
3040cbf7-b9af-40b8-977a-600574acda1b;2024-02-25 11:39:03.466739
b11fa436-5266-41cc-babe-b99c4cb6f9b4;2024-02-25 11:39:03.492925
8585a32c-df0c-45b9-a258-201292684bb3;2024-02-25 11:39:03.520363
e396e5db-fe45-45de-82ba-2d5a28ed7c7b;2024-02-25 11:39:03.546774
b54e2f33-8b49-4601-9a91-6435c97f98d6;2024-02-25 11:39:03.574167
84b98ea0-5bcc-4f7d-b1d4-2036ab62dc2a;2024-02-25 11:39:03.602356
8de6fa14-cf6e-49b4-b7f5-edff5a457ee9;2024-02-25 11:39:03.633603
3938349c-cbdb-41c5-84d6-12e68a617bb2;2024-02-25 11:39:03.669050
8e93d5d1-7ddb-451f-80d6-ae96ac64bfcb;2024-02-25 11:39:03.695692
0d88a7fb-d7b3-47a6-a3f3-787f9851d802;2024-02-25 11:39:03.722466
50f90786-b4e9-4de9-a708-41c8af956828;2024-02-25 11:39:03.750324
4dbd7bf8-8a4c-4047-83c1-304f803b3e21;2024-02-25 11:39:03.772814
0989aef9-ba29-4b88-be65-0cd73edee4d6;2024-02-25 11:39:03.798237
5d82f6eb-b076-411d-8016-5b70a2c2e5f7;2024-02-25 11:39:03.823799
552c07fb-50e7-4f6d-adda-ee9f4a53eac9;2024-02-25 11:39:03.847189
0ed69da9-3499-4ba5-bed4-d9e782978cbd;2024-02-25 11:39:03.867881
9922acc2-4119-4a64-b578-ebc6585ad2dd;2024-02-25 11:39:03.892281
35f1d1d5-788a-4df9-921f-6342574c206d;2024-02-25 11:39:03.917906
0934ec6b-5e31-491c-816e-bac55a1fc429;2024-02-25 11:39:03.939134
0513ae30-a813-4e82-894a-2d96a92ae349;2024-02-25 11:39:03.963761
2d3dd19b-f8d1-4341-9745-3f3f0cafdf52;2024-02-25 11:39:03.986740
fd870db6-1809-4a13-bf8d-beafb5d6ac2f;2024-02-25 11:39:04.009537
a21b3915-dd41-4bae-b5a5-25db0b0cd41b;2024-02-25 11:39:04.032917
f8597456-3f93-44e2-85da-57e7a173a305;2024-02-25 11:39:04.060026
90f7ca0d-6f49-4d74-8210-2cfe7c8cb5c7;2024-02-25 11:39:04.087776
2026e661-29c9-4781-b384-35570650c6c5;2024-02-25 11:39:04.129069
74c958f8-a0d9-4c43-8a5d-e51347380154;2024-02-25 11:39:04.173156
3655982b-9dc0-4a8c-a727-73117b727232;2024-02-25 11:39:04.203278
c3acef43-c72c-41c8-b916-d1d6b89e809f;2024-02-25 11:39:04.229412
36c8eeec-0cd5-4c4f-a476-6af710c69cec;2024-02-25 11:39:04.253207
0ea2128b-9931-4b0c-a77b-edf0aa4376f1;2024-02-25 11:39:04.280477
99a7d94e-8336-4814-a0a6-0a36e3b28524;2024-02-25 11:39:04.316681
75994887-631e-463b-9d2a-b77da3c0ca2d;2024-02-25 11:39:04.348845
f9101101-e794-4959-bf79-bd70ac2dab9e;2024-02-25 11:39:04.374720
38eee88c-dbce-467b-af06-2df7df2ca323;2024-02-25 11:39:04.398626
10387d85-740e-4b08-acb8-8d8e3d2ab4a1;2024-02-25 11:39:04.422108
194aed49-5033-475d-952e-8663d9f24b25;2024-02-25 11:39:04.445368
c3067d22-b35f-4c8f-b0ab-a6dfdffdb1fb;2024-02-25 11:39:04.465088
5d41a15c-1ea8-401e-99f4-5a1b838742ec;2024-02-25 11:39:04.485904
b2a9d18f-aa9b-4517-98d7-05f433222f92;2024-02-25 11:39:04.512271
b7daa04e-ae77-4c4f-9d66-1b0cdfce6675;2024-02-25 11:39:04.535398
c9b0e08c-a9a3-4e5e-8c6b-67f2fe5648ab;2024-02-25 11:39:04.561373
08818b2f-d9b5-40a3-a138-655788abdbd2;2024-02-25 11:39:04.584288
4e6e0fcd-a3b5-4391-9e4d-c69378cc9f45;2024-02-25 11:39:04.614224
957e6448-8641-42c8-85f6-46f855417787;2024-02-25 11:39:04.647839
72e2cce4-d4e9-435c-a93a-6f9445910a8f;2024-02-25 11:39:04.673244
39590cfb-4a28-4ad7-a847-df89bf616a93;2024-02-25 11:39:04.695856
0764a0c6-cbc5-44db-867d-e3154922af2c;2024-02-25 11:39:04.717490
d935d504-6201-4799-82e0-4c881de4e4f5;2024-02-25 11:39:04.740417
febb024c-e009-45bf-b4d2-bcfbbc3ee8b4;2024-02-25 11:39:04.761652
