030189ed-d270-422d-a37b-c82121445bdc,2024-02-24 11:29:12.066097
cfaaae33-ae8a-4d5c-9d28-038e5beea599,2024-02-24 11:29:37.518794
ddf18e71-78ee-4b90-8fad-e1fc90f086a5,2024-02-24 11:29:39.124697
d64e7e59-bfe4-4091-b54e-512b1452fc4e,2024-02-24 11:29:39.708553
76759427-dd2d-47d0-96b8-af21f4124088,2024-02-24 11:29:40.227946
512524f5-c7d9-4094-936d-c1b42f16be49,2024-02-24 11:29:40.807268
24ba36aa-9360-497f-a569-1aa6e59b1411,2024-02-24 11:29:41.476394
f3c9b6cb-ffa2-449b-b516-722b2e803e01,2024-02-24 11:31:37.550570
3f97a2ce-6ef5-400e-a6a1-762f25f43e19,2024-02-24 11:31:39.251854
7b851cfd-bcb4-4199-ad99-5e49a5392033,2024-02-24 11:31:40.027842
45e5f8ff-5c88-4e69-bc84-2847e2c607c2,2024-02-24 11:33:31.647839
6c3a62fa-a4b1-4e22-9ca9-f01d801550f8,2024-02-24 11:36:26.184995
cb2c372d-4a60-4c2e-8ec9-6014db6f1325,2024-02-24 11:43:41.668600
43ffc310-300d-4b07-b617-1e3b0dfd1534,2024-02-24 11:47:29.242958
12d254d2-fa3e-4912-9a69-44cb38b4c11a,2024-02-24 11:47:39.638840
80919846-0be5-4b4e-adb4-c619c4f152ca,2024-02-24 11:47:41.095618
84a9c454-cfbc-49de-b42c-edaa849e2b9d,2024-02-24 11:47:41.728923
1bd562cc-deaa-411b-96a4-47e69cd79a30,2024-02-24 15:54:51.486994
738d551e-18ce-4b17-a334-0fc0a6796e4f,2024-02-24 15:55:04.392028
