ping_id,date
b74a3ab2-554b-4174-acff-2363f22bbe0e,2024-02-24 13:21:04.421085
9aee6310-ac2d-4ef5-8c8e-e5dea21a604c,2024-02-24 13:21:04.433226
e554a250-889c-4ca1-97a9-b62d7b1c4d29,2024-02-24 13:21:04.445434
d06520e9-921f-4d03-a44c-02b917860c3d,2024-02-24 13:21:04.458518
d4dedeb1-5a02-4ab2-a337-dcb1ccd82920,2024-02-24 13:21:04.471816
eb6db4e2-f01c-4e60-9039-3575a29deb04,2024-02-24 13:21:04.483495
6454082a-fa6e-4789-92fd-214c70eb22d8,2024-02-24 13:21:04.495452
41f729db-3d36-42f7-abed-0bd512d096d8,2024-02-24 13:21:04.506865
2d46a305-e317-47b3-ae29-55d5d4cffe14,2024-02-24 13:21:04.519660
59ce97e7-bb2a-41ef-8018-6866c9964a77,2024-02-24 13:21:04.532081
f506d618-e181-432d-a7ee-f10294a58d23,2024-02-24 13:21:04.545277
74c04f11-eb06-40ec-911b-5e0fb8402cb0,2024-02-24 13:21:04.559190
a33d5e13-529d-47d3-a89e-08a29a5f0cb0,2024-02-24 13:21:04.572923
87176b75-ce6e-4017-87f9-49b26e4e0aac,2024-02-24 13:21:04.588242
daa014c7-0212-4395-8bf5-3075d3223c0a,2024-02-24 13:21:04.602376
07c3905d-7134-4c86-8c7f-d5e57c0e197c,2024-02-24 13:21:04.615326
11fcb894-700e-4727-b494-5ae873265443,2024-02-24 13:21:04.627034
52aa71fe-4672-425c-9056-f6873628f7cc,2024-02-24 13:21:04.651198
e5555deb-cdfd-4a79-82fc-c6bcf6da6e75,2024-02-24 13:21:04.661949
47798ea2-b894-4b0a-953f-52fadfd1db8c,2024-02-24 13:21:04.675380
aaa9f00d-9bc0-42d9-8018-d254efb70d7f,2024-02-24 13:21:04.691424
5c0dfd84-616d-411d-884b-e7d7afcdbd86,2024-02-24 13:21:04.723747
5417b627-21fd-4ea5-a912-b702ea69e5f5,2024-02-24 13:21:04.735665
e60f9d27-e493-4543-bccb-689a57787f29,2024-02-24 13:21:04.747800
760965bd-5b53-4281-a303-dc8048594349,2024-02-24 13:21:04.757848
0c62310b-78b4-4709-a0b2-31b87a65e73c,2024-02-24 13:21:04.771122
45ace4c1-5bee-47ed-9fe0-d635041d1262,2024-02-24 13:21:04.783126
8829e899-fdf3-4e17-9440-0403ff8fac34,2024-02-24 13:21:04.794909
56ddc087-9865-4043-9e24-f760f16affe1,2024-02-24 13:21:04.806377
9c14e458-3655-4058-8652-39815ffa3dde,2024-02-24 13:21:04.818874
905fd339-e925-4e69-80b8-c85295759208,2024-02-24 13:21:04.828631
9d9c02ab-4be1-4a4e-b37a-529b3f29a29e,2024-02-24 13:21:04.840086
9b777b6d-192e-4610-8591-41f494634f8a,2024-02-24 13:21:04.851123
0a91b77a-b693-48de-a308-14c82686e2f5,2024-02-24 13:21:04.862153
7329fe03-ebc9-434f-8b33-1e4fd0484390,2024-02-24 13:21:04.877711
0a6b34f0-b6af-46e9-abd8-8b25cdc385f2,2024-02-24 13:21:04.904249
7e202bbf-9ca5-446f-8a68-7fc6c3774199,2024-02-24 13:21:04.914543
7d8ee65e-930f-4573-a1bc-92af453fc23c,2024-02-24 13:21:04.928338
7fd09851-01be-418d-8cd7-4c5f58405929,2024-02-24 13:21:04.939382
d8b54d2c-7fd2-4d20-a34d-4517f102ec04,2024-02-24 13:21:04.949149
c40f00ea-b8e6-4fd7-badd-2d7a32cafbef,2024-02-24 13:21:04.961170
8452a538-2b37-457c-a4a4-11d64ce75e7d,2024-02-24 13:21:05.000747
a006d7e2-4347-45e7-92eb-edbe61d03b25,2024-02-24 13:21:05.021394
b07942e7-9514-4a88-be99-3ba4da8a9840,2024-02-24 13:21:05.042690
beb05bf4-1570-4fd4-b8a8-765c0a034a9b,2024-02-24 13:21:05.058037
833f5c83-8d07-4bd0-b6a7-d42400c1518e,2024-02-24 13:21:05.071754
10ee9cd3-d8da-47b5-9ddf-a71d305f8e83,2024-02-24 13:21:05.087424
578cc904-dcbe-49a7-979a-06de1bfbba78,2024-02-24 13:21:05.103087
76a35927-111c-4c65-8730-bbab118d9a92,2024-02-24 13:21:05.116971
7bbda74c-ec3e-4d6d-be86-06646df12e60,2024-02-24 13:21:05.134892
2ee9483b-73b9-4b05-a629-1bb797365531,2024-02-24 13:21:05.151318
1c6108e3-21d0-4147-a33a-411b3577c88b,2024-02-24 13:21:05.167353
dab55357-d050-4b1c-a038-3f0edef3dc6f,2024-02-24 13:21:05.198944
2d956bfe-e770-46e2-9474-33793e7f4723,2024-02-24 13:21:05.235339
586d848f-e97a-4ba3-a13b-b2b14e48bb6b,2024-02-24 13:21:05.248328
ef6462bc-bf6c-4521-8839-82812213d75f,2024-02-24 13:21:05.260124
36fec9f1-a362-48d4-87a4-af5ea885eee7,2024-02-24 13:21:05.273677
4d46fd30-8621-4804-877d-f51ed9bdee55,2024-02-24 13:21:05.285616
61c1d029-5a4f-4ae2-97e3-ea96e482ee24,2024-02-24 13:21:05.298836
a849651a-6556-4bbc-b0c7-fb00d80e943d,2024-02-24 13:21:05.312646
2f70da40-5e69-4f8e-a6df-ee8db8da23b6,2024-02-24 13:21:05.326381
4c5d071e-7491-4d2d-b937-66f040296653,2024-02-24 13:21:05.347840
855cc232-01ad-4275-91a2-032487868848,2024-02-24 13:21:05.360222
b1fdf4a7-e57e-4ada-b59b-b8f161a28995,2024-02-24 13:21:05.372203
d3b21e2b-d20e-44ea-b751-2942a2777851,2024-02-24 13:21:05.383751
57d19e0c-41dd-4d61-b623-ca62b8a39511,2024-02-24 13:21:05.396282
4ae09d38-e717-4fa6-9ed9-592741588bd2,2024-02-24 13:21:05.408857
d8e1a506-5d76-4c02-848a-8f49c0944eff,2024-02-24 13:21:05.421647
0bf51c20-345b-4d40-959b-6bf219fe0a2e,2024-02-24 13:21:05.436149
134d6c22-ba15-4ae9-85f9-e26d2c917d95,2024-02-24 13:21:05.451496
116c91fc-6ecf-4804-b770-0cd2e5a0acde,2024-02-24 13:21:05.466296
59c60d3a-9084-4a85-81c5-3dbbd8754f48,2024-02-24 13:21:05.486313
2acf455a-26ba-4f91-94ca-632f4d5519ed,2024-02-24 13:21:05.503048
65a3a511-ce89-4d65-9bbe-563907319482,2024-02-24 13:21:05.515551
b7705105-0841-43e1-b512-a32f366e86fd,2024-02-24 13:21:05.530637
3208336b-7864-46c6-b8d9-ade31ae811f8,2024-02-24 13:21:05.543527
b5685d75-b6bd-43e1-906c-c4f9933420c1,2024-02-24 13:21:05.558693
6ac2ac1b-3d77-44ce-b709-df5c8dda51d2,2024-02-24 13:21:05.580701
059e351f-38dc-4341-b9ad-90ad1f861a5f,2024-02-24 13:21:05.600324
7ad1d3ed-6d16-451b-9e2a-7ea9d319110e,2024-02-24 13:21:05.616272
82ee30aa-73d6-42be-bb41-0da04cc081fd,2024-02-24 13:21:05.630492
7a1f91ed-f306-4061-b660-5fccf85f749d,2024-02-24 13:21:05.646384
65f2c6dc-a879-4d26-b069-bc98bfb022d7,2024-02-24 13:21:05.664445
645d1716-5c6d-4bf9-b67c-88c2ef033c4a,2024-02-24 13:21:05.689794
929bc471-ac50-4db9-a608-1d412c0100cd,2024-02-24 13:21:05.703243
5c4a5a64-08b4-4a4f-897c-461ed1d6230b,2024-02-24 13:21:05.735914
a1a252a6-8d52-4878-b512-c88082ebf63e,2024-02-24 13:21:05.751393
7b4988e5-11a7-4aa0-99a5-5a4caf894893,2024-02-24 13:21:05.764565
f2972178-80dc-460c-86af-7fb46fd5ac2d,2024-02-24 13:21:05.778956
faa2686a-090e-4f95-9983-0b0b0263239b,2024-02-24 13:21:05.794669
